{
    "html": [
        {
            "question": "What does HTML stand for?",
            "options": ["Hyper Text Markup Language", "Home Tool Markup Language", "Hyperlinks and Text Markup Language"],
            "correctAnswer": "Hyper Text Markup Language"
        },
        {
            "question": "Who is making the Web standards?",
            "options": ["Microsoft", "Google", "The World Wide Web Consortium"],
            "correctAnswer": "The World Wide Web Consortium"
        },
        {
            "question": "Choose the correct HTML element for the largest heading:",
            "options": ["<heading>", "<h1>", "<h6>"],
            "correctAnswer": "<h1>"
        },
        {
            "question": "What is the correct HTML element for inserting a line break?",
            "options": ["<br>", "<lb>", "<break>"],
            "correctAnswer": "<br>"
        },
        {
            "question": "What is the correct HTML for adding a background color?",
            "options": ["<background>yellow</background>", "<body bg='yellow'>", "<body style='background-color:yellow;'>"],
            "correctAnswer": "<body style='background-color:yellow;'>"
        }
    ],
    "css": [
        {
            "question": "What does CSS stand for?",
            "options": ["Cascading Style Sheets", "Colorful Style Sheets", "Computer Style Sheets"],
            "correctAnswer": "Cascading Style Sheets"
        },
        {
            "question": "Which HTML tag is used to define an internal style sheet?",
            "options": ["<style>", "<css>", "<script>"],
            "correctAnswer": "<style>"
        },
        {
            "question": "Which property is used to change the background color?",
            "options": ["color", "background-color", "bgcolor"],
            "correctAnswer": "background-color"
        },
        {
            "question": "Which CSS property controls the text size?",
            "options": ["text-size", "font-size", "font-style"],
            "correctAnswer": "font-size"
        },
        {
            "question": "How do you select an element with id 'demo'?",
            "options": ["#demo", ".demo", "demo"],
            "correctAnswer": "#demo"
        }
    ],
    "javascript": [
        {
            "question": "What is the correct syntax for referring to an external script called 'xxx.js'?",
            "options": ["<script href='xxx.js'>", "<script name='xxx.js'>", "<script src='xxx.js'>"],
            "correctAnswer": "<script src='xxx.js'>"
        },
        {
            "question": "How do you write 'Hello World' in an alert box?",
            "options": ["msg('Hello World');", "alert('Hello World');", "msgBox('Hello World');"],
            "correctAnswer": "alert('Hello World');"
        },
        {
            "question": "How do you create a function in JavaScript?",
            "options": ["function = myFunction()", "function myFunction()", "function:myFunction()"],
            "correctAnswer": "function myFunction()"
        },
        {
            "question": "How do you call a function named 'myFunction'?",
            "options": ["call myFunction()", "call function myFunction()", "myFunction()"],
            "correctAnswer": "myFunction()"
        },
        {
            "question": "How to write an IF statement in JavaScript?",
            "options": ["if i = 5 then", "if i == 5 then", "if (i == 5)"],
            "correctAnswer": "if (i == 5)"
        }
    ]
}
